{
  "training_metrics": {
    "accuracy": 0.9962910632285411,
    "roc_auc": 0.999982863678083,
    "n_samples": 5662,
    "n_features": 35
  },
  "class_priors": {
    "0": 1416,
    "1": 1415,
    "2": 1415,
    "3": 1416
  },
  "training_date": "2025-12-27T02:44:31.720309"
}